{
  "timestamp": "2026-02-14T12:53:55.140219+00:00",
  "snapshots_used": 300,
  "simulations_per_strategy": 100,
  "monte_carlo_results": [
    {
      "strategy": "value_betting",
      "simulations": 100,
      "total_trades_per_sim": 141,
      "consistency": 0.85,
      "pnl": {
        "mean": 288.09383799999995,
        "median": 325.5796,
        "best": 767.2373999999999,
        "worst": -198.54429999999994,
        "p5": -192.3751,
        "p95": 708.7704999999996
      },
      "roi_pct": {
        "mean": 144.04691899999997,
        "median": 162.7898
      },
      "win_rate": {
        "mean": 0.3713825537336042
      },
      "sharpe": {
        "mean": 0.06477989446042627
      }
    },
    {
      "strategy": "momentum",
      "simulations": 100,
      "total_trades_per_sim": 0,
      "consistency": 0.0,
      "pnl": {
        "mean": 0.0,
        "median": 0.0,
        "best": 0.0,
        "worst": 0.0,
        "p5": 0.0,
        "p95": 0.0
      },
      "roi_pct": {
        "mean": 0.0,
        "median": 0.0
      },
      "win_rate": {
        "mean": 0.0
      },
      "sharpe": {
        "mean": 0.0
      }
    },
    {
      "strategy": "arbitrage",
      "simulations": 100,
      "total_trades_per_sim": 0,
      "consistency": 0.0,
      "pnl": {
        "mean": 0.0,
        "median": 0.0,
        "best": 0.0,
        "worst": 0.0,
        "p5": 0.0,
        "p95": 0.0
      },
      "roi_pct": {
        "mean": 0.0,
        "median": 0.0
      },
      "win_rate": {
        "mean": 0.0
      },
      "sharpe": {
        "mean": 0.0
      }
    }
  ],
  "characteristics": {
    "strategy": "value_betting",
    "total_trades": 141,
    "overall_win_rate": 0.425531914893617,
    "overall_pnl": 603.9,
    "avg_win": 26.57,
    "avg_loss": -12.23,
    "price_buckets": {
      "0.3": {
        "wins": 17,
        "losses": 23,
        "total_pnl": 74.9722,
        "win_rate": 0.425,
        "n": 40
      },
      "0.2": {
        "wins": 19,
        "losses": 34,
        "total_pnl": 248.4298999999999,
        "win_rate": 0.3584905660377358,
        "n": 53
      },
      "0.1": {
        "wins": 6,
        "losses": 5,
        "total_pnl": 242.86140000000003,
        "win_rate": 0.5454545454545454,
        "n": 11
      },
      "0.4": {
        "wins": 18,
        "losses": 18,
        "total_pnl": 51.1442,
        "win_rate": 0.5,
        "n": 36
      },
      "0.5": {
        "wins": 0,
        "losses": 1,
        "total_pnl": -13.51,
        "win_rate": 0.0,
        "n": 1
      }
    },
    "edge_buckets": {
      "small (0-0.05)": {
        "n": 51,
        "wins": 24,
        "win_rate": 0.471,
        "total_pnl": 202.5,
        "avg_pnl": 3.97
      },
      "medium (0.05-0.10)": {
        "n": 88,
        "wins": 35,
        "win_rate": 0.398,
        "total_pnl": 393.1,
        "avg_pnl": 4.47
      },
      "large (>0.10)": {
        "n": 2,
        "wins": 1,
        "win_rate": 0.5,
        "total_pnl": 8.3,
        "avg_pnl": 4.15
      }
    },
    "direction": {
      "BUY_YES": {
        "n": 101,
        "wins": 40,
        "win_rate": 0.396,
        "total_pnl": 400.84,
        "avg_pnl": 3.97
      },
      "BUY_NO": {
        "n": 40,
        "wins": 20,
        "win_rate": 0.5,
        "total_pnl": 203.06,
        "avg_pnl": 5.08
      }
    }
  }
}